-153.598955042	160.28107538	177.699340435
-67.3637854998	-25.9637889621	171.825964797
-61.9875260507	-49.3683538598	177.078919858
-60.3324617058	-42.6071352442	177.881249682
-59.6626299792	-48.4262724742	177.436878429
-55.9217649447	-47.8193654963	179.983735946
-60.9023330316	-42.2634247715	177.004149156
-61.3948691713	-40.7962650415	177.359241507
-63.373956149	-41.8162516214	177.647706276
-63.2418601742	-38.9117306099	173.866728752
-59.2174690404	-49.5335216519	179.335553324
-61.3542570764	-43.9907415835	177.793743286
-52.7101477926	-49.5768111015	-178.210054863
-57.6573255062	-48.7454889148	-176.313545496
-68.4073020527	-47.6123975662	-178.020774757
-67.0418832276	-41.3273630903	178.455708652
-58.6208898638	-47.3547303662	178.705332068
-62.6367626024	-38.6946023028	174.225724765
-62.6608977601	-40.1500231476	176.878871233
-64.3839334243	-40.7530366635	-178.822018947
-67.9361728489	-34.6867599867	179.933870876
-80.8081049646	-60.0236651111	-179.061288314
138.199668702	22.6287895519	-178.047447681
-91.3378824731	159.025826848	-175.088497757
-58.0647384977	124.69138764	-172.921524063
-70.2273982484	-41.6515412054	-177.166009475
-70.0992603323	-32.3888108484	177.113585522
-71.0928932624	-41.269136304	177.888737788
-59.7647567828	-41.1089756652	176.908764315
-60.5618969405	-46.1623690567	178.956581951
-63.9443294044	-41.1247684853	-178.444074716
-64.8396097847	-40.7108703757	178.039456667
-64.5094814633	-40.7671013384	174.799758722
-63.4827874409	-41.2942807125	174.524060465
-59.7344138275	-44.7393035116	177.630914645
-57.5962497541	-45.9312586714	176.380270546
-56.7127880403	-48.3248586371	-178.733361912
-58.2588551792	-45.2165054765	-179.52675241
-64.7270413356	-40.7397505442	175.443133626
-63.3359013759	-46.4398681219	-178.667628225
-61.4501179891	-45.3527880716	178.306186393
-60.8612592955	-52.0972594933	-179.069692296
-59.8761164327	-40.3617221258	177.354069442
-61.442380525	-42.1211182238	178.748127111
-66.2485047042	-39.7211148156	178.8505463
-64.9888713358	-40.3846951632	177.207645294
-75.3264783822	-31.6857714225	-178.912525442
103.26179307	0.431533301322	-174.855210423
-91.61104801	66.7904191184	-176.218101148
-99.9108710492	97.0855643383	175.392163259
	-153.598955042	160.28107538	177.699340435
-67.3637854998	-25.9637889621	171.825964797
-61.9875260507	-49.3683538598	177.078919858
-60.3324617058	-42.6071352442	177.881249682
-59.6626299792	-48.4262724742	177.436878429
-55.9217649447	-47.8193654963	179.983735946
-60.9023330316	-42.2634247715	177.004149156
-61.3948691713	-40.7962650415	177.359241507
-63.373956149	-41.8162516214	177.647706276
-63.2418601742	-38.9117306099	173.866728752
-59.2174690404	-49.5335216519	179.335553324
-61.3542570764	-43.9907415835	177.793743286
-52.7101477926	-49.5768111015	-178.210054863
-57.6573255062	-48.7454889148	-176.313545496
-68.4073020527	-47.6123975662	-178.020774757
-67.0418832276	-41.3273630903	178.455708652
-58.6208898638	-47.3547303662	178.705332068
-62.6367626024	-38.6946023028	174.225724765
-62.6608977601	-40.1500231476	176.878871233
-64.3839334243	-40.7530366635	-178.822018947
-67.9361728489	-34.6867599867	179.933870876
-80.8081049646	-60.0236651111	-179.061288314
138.199668702	22.6287895519	-178.047447681
-91.3378824731	159.025826848	-175.088497757
-58.0647384977	124.69138764	-172.921524063
-70.2273982484	-41.6515412054	-177.166009475
-70.0992603323	-32.3888108484	177.113585522
-71.0928932624	-41.269136304	177.888737788
-59.7647567828	-41.1089756652	176.908764315
-60.5618969405	-46.1623690567	178.956581951
-63.9443294044	-41.1247684853	-178.444074716
-64.8396097847	-40.7108703757	178.039456667
-64.5094814633	-40.7671013384	174.799758722
-63.4827874409	-41.2942807125	174.524060465
-59.7344138275	-44.7393035116	177.630914645
-57.5962497541	-45.9312586714	176.380270546
-56.7127880403	-48.3248586371	-178.733361912
-58.2588551792	-45.2165054765	-179.52675241
-64.7270413356	-40.7397505442	175.443133626
-63.3359013759	-46.4398681219	-178.667628225
-61.4501179891	-45.3527880716	178.306186393
-60.8612592955	-52.0972594933	-179.069692296
-59.8761164327	-40.3617221258	177.354069442
-61.442380525	-42.1211182238	178.748127111
-66.2485047042	-39.7211148156	178.8505463
-64.9888713358	-40.3846951632	177.207645294
-75.3264783822	-31.6857714225	-178.912525442
103.26179307	0.431533301322	-174.855210423
-91.61104801	66.7904191184	-176.218101148
-99.9108710492	97.0855643383	175.392163259
	-153.598955042	160.28107538	177.699340435
-67.3637854998	-25.9637889621	171.825964797
-61.9875260507	-49.3683538598	177.078919858
-60.3324617058	-42.6071352442	177.881249682
-59.6626299792	-48.4262724742	177.436878429
-55.9217649447	-47.8193654963	179.983735946
-60.9023330316	-42.2634247715	177.004149156
-61.3948691713	-40.7962650415	177.359241507
-63.373956149	-41.8162516214	177.647706276
-63.2418601742	-38.9117306099	173.866728752
-59.2174690404	-49.5335216519	179.335553324
-61.3542570764	-43.9907415835	177.793743286
-52.7101477926	-49.5768111015	-178.210054863
-57.6573255062	-48.7454889148	-176.313545496
-68.4073020527	-47.6123975662	-178.020774757
-67.0418832276	-41.3273630903	178.455708652
-58.6208898638	-47.3547303662	178.705332068
-62.6367626024	-38.6946023028	174.225724765
-62.6608977601	-40.1500231476	176.878871233
-64.3839334243	-40.7530366635	-178.822018947
-67.9361728489	-34.6867599867	179.933870876
-80.8081049646	-60.0236651111	-179.061288314
138.199668702	22.6287895519	-178.047447681
-91.3378824731	159.025826848	-175.088497757
-58.0647384977	124.69138764	-172.921524063
-70.2273982484	-41.6515412054	-177.166009475
-70.0992603323	-32.3888108484	177.113585522
-71.0928932624	-41.269136304	177.888737788
-59.7647567828	-41.1089756652	176.908764315
-60.5618969405	-46.1623690567	178.956581951
-63.9443294044	-41.1247684853	-178.444074716
-64.8396097847	-40.7108703757	178.039456667
-64.5094814633	-40.7671013384	174.799758722
-63.4827874409	-41.2942807125	174.524060465
-59.7344138275	-44.7393035116	177.630914645
-57.5962497541	-45.9312586714	176.380270546
-56.7127880403	-48.3248586371	-178.733361912
-58.2588551792	-45.2165054765	-179.52675241
-64.7270413356	-40.7397505442	175.443133626
-63.3359013759	-46.4398681219	-178.667628225
-61.4501179891	-45.3527880716	178.306186393
-60.8612592955	-52.0972594933	-179.069692296
-59.8761164327	-40.3617221258	177.354069442
-61.442380525	-42.1211182238	178.748127111
-66.2485047042	-39.7211148156	178.8505463
-64.9888713358	-40.3846951632	177.207645294
-75.3264783822	-31.6857714225	-178.912525442
103.26179307	0.431533301322	-174.855210423
-91.61104801	66.7904191184	-176.218101148
-99.9108710492	97.0855643383	175.392163259
-153.598955042	160.28107538	177.699340435
-67.3637854998	-25.9637889621	171.825964797
-61.9875260507	-49.3683538598	177.078919858
-60.3324617058	-42.6071352442	177.881249682
-59.6626299792	-48.4262724742	177.436878429
-55.9217649447	-47.8193654963	179.983735946
-60.9023330316	-42.2634247715	177.004149156
-61.3948691713	-40.7962650415	177.359241507
-63.373956149	-41.8162516214	177.647706276
-63.2418601742	-38.9117306099	173.866728752
-59.2174690404	-49.5335216519	179.335553324
-61.3542570764	-43.9907415835	177.793743286
-52.7101477926	-49.5768111015	-178.210054863
-57.6573255062	-48.7454889148	-176.313545496
-68.4073020527	-47.6123975662	-178.020774757
-67.0418832276	-41.3273630903	178.455708652
-58.6208898638	-47.3547303662	178.705332068
-62.6367626024	-38.6946023028	174.225724765
-62.6608977601	-40.1500231476	176.878871233
-64.3839334243	-40.7530366635	-178.822018947
-67.9361728489	-34.6867599867	179.933870876
-80.8081049646	-60.0236651111	-179.061288314
138.199668702	22.6287895519	-178.047447681
-91.3378824731	159.025826848	-175.088497757
-58.0647384977	124.69138764	-172.921524063
-70.2273982484	-41.6515412054	-177.166009475
-70.0992603323	-32.3888108484	177.113585522
-71.0928932624	-41.269136304	177.888737788
-59.7647567828	-41.1089756652	176.908764315
-60.5618969405	-46.1623690567	178.956581951
-63.9443294044	-41.1247684853	-178.444074716
-64.8396097847	-40.7108703757	178.039456667
-64.5094814633	-40.7671013384	174.799758722
-63.4827874409	-41.2942807125	174.524060465
-59.7344138275	-44.7393035116	177.630914645
-57.5962497541	-45.9312586714	176.380270546
-56.7127880403	-48.3248586371	-178.733361912
-58.2588551792	-45.2165054765	-179.52675241
-64.7270413356	-40.7397505442	175.443133626
-63.3359013759	-46.4398681219	-178.667628225
-61.4501179891	-45.3527880716	178.306186393
-60.8612592955	-52.0972594933	-179.069692296
-59.8761164327	-40.3617221258	177.354069442
-61.442380525	-42.1211182238	178.748127111
-66.2485047042	-39.7211148156	178.8505463
-64.9888713358	-40.3846951632	177.207645294
-75.3264783822	-31.6857714225	-178.912525442
103.26179307	0.431533301322	-174.855210423
-91.61104801	66.7904191184	-176.218101148
-99.9108710492	97.0855643383	175.392163259
-153.598955042	160.28107538	177.699340435
-67.3637854998	-25.9637889621	171.825964797
-61.9875260507	-49.3683538598	177.078919858
-60.3324617058	-42.6071352442	177.881249682
-59.6626299792	-48.4262724742	177.436878429
-55.9217649447	-47.8193654963	179.983735946
-60.9023330316	-42.2634247715	177.004149156
-61.3948691713	-40.7962650415	177.359241507
-63.373956149	-41.8162516214	177.647706276
-63.2418601742	-38.9117306099	173.866728752
-59.2174690404	-49.5335216519	179.335553324
-61.3542570764	-43.9907415835	177.793743286
-52.7101477926	-49.5768111015	-178.210054863
-57.6573255062	-48.7454889148	-176.313545496
-68.4073020527	-47.6123975662	-178.020774757
-67.0418832276	-41.3273630903	178.455708652
-58.6208898638	-47.3547303662	178.705332068
-62.6367626024	-38.6946023028	174.225724765
-62.6608977601	-40.1500231476	176.878871233
-64.3839334243	-40.7530366635	-178.822018947
-67.9361728489	-34.6867599867	179.933870876
-80.8081049646	-60.0236651111	-179.061288314
138.199668702	22.6287895519	-178.047447681
-91.3378824731	159.025826848	-175.088497757
-58.0647384977	124.69138764	-172.921524063
-70.2273982484	-41.6515412054	-177.166009475
-70.0992603323	-32.3888108484	177.113585522
-71.0928932624	-41.269136304	177.888737788
-59.7647567828	-41.1089756652	176.908764315
-60.5618969405	-46.1623690567	178.956581951
-63.9443294044	-41.1247684853	-178.444074716
-64.8396097847	-40.7108703757	178.039456667
-64.5094814633	-40.7671013384	174.799758722
-63.4827874409	-41.2942807125	174.524060465
-59.7344138275	-44.7393035116	177.630914645
-57.5962497541	-45.9312586714	176.380270546
-56.7127880403	-48.3248586371	-178.733361912
-58.2588551792	-45.2165054765	-179.52675241
-64.7270413356	-40.7397505442	175.443133626
-63.3359013759	-46.4398681219	-178.667628225
-61.4501179891	-45.3527880716	178.306186393
-60.8612592955	-52.0972594933	-179.069692296
-59.8761164327	-40.3617221258	177.354069442
-61.442380525	-42.1211182238	178.748127111
-66.2485047042	-39.7211148156	178.8505463
-64.9888713358	-40.3846951632	177.207645294
-75.3264783822	-31.6857714225	-178.912525442
103.26179307	0.431533301322	-174.855210423
-91.61104801	66.7904191184	-176.218101148
-99.9108710492	97.0855643383	175.392163259
-153.598955042	160.28107538	177.699340435
-67.3637854998	-25.9637889621	171.825964797
-61.9875260507	-49.3683538598	177.078919858
-60.3324617058	-42.6071352442	177.881249682
-59.6626299792	-48.4262724742	177.436878429
-55.9217649447	-47.8193654963	179.983735946
-60.9023330316	-42.2634247715	177.004149156
-61.3948691713	-40.7962650415	177.359241507
-63.373956149	-41.8162516214	177.647706276
-63.2418601742	-38.9117306099	173.866728752
-59.2174690404	-49.5335216519	179.335553324
-61.3542570764	-43.9907415835	177.793743286
-52.7101477926	-49.5768111015	-178.210054863
-57.6573255062	-48.7454889148	-176.313545496
-68.4073020527	-47.6123975662	-178.020774757
-67.0418832276	-41.3273630903	178.455708652
-58.6208898638	-47.3547303662	178.705332068
-62.6367626024	-38.6946023028	174.225724765
-62.6608977601	-40.1500231476	176.878871233
-64.3839334243	-40.7530366635	-178.822018947
-67.9361728489	-34.6867599867	179.933870876
-80.8081049646	-60.0236651111	-179.061288314
138.199668702	22.6287895519	-178.047447681
-91.3378824731	159.025826848	-175.088497757
-58.0647384977	124.69138764	-172.921524063
-70.2273982484	-41.6515412054	-177.166009475
-70.0992603323	-32.3888108484	177.113585522
-71.0928932624	-41.269136304	177.888737788
-59.7647567828	-41.1089756652	176.908764315
-60.5618969405	-46.1623690567	178.956581951
-63.9443294044	-41.1247684853	-178.444074716
-64.8396097847	-40.7108703757	178.039456667
-64.5094814633	-40.7671013384	174.799758722
-63.4827874409	-41.2942807125	174.524060465
-59.7344138275	-44.7393035116	177.630914645
-57.5962497541	-45.9312586714	176.380270546
-56.7127880403	-48.3248586371	-178.733361912
-58.2588551792	-45.2165054765	-179.52675241
-64.7270413356	-40.7397505442	175.443133626
-63.3359013759	-46.4398681219	-178.667628225
-61.4501179891	-45.3527880716	178.306186393
-60.8612592955	-52.0972594933	-179.069692296
-59.8761164327	-40.3617221258	177.354069442
-61.442380525	-42.1211182238	178.748127111
-66.2485047042	-39.7211148156	178.8505463
-64.9888713358	-40.3846951632	177.207645294
-75.3264783822	-31.6857714225	-178.912525442
103.26179307	0.431533301322	-174.855210423
-91.61104801	66.7904191184	-176.218101148
-99.9108710492	97.0855643383	175.392163259
-153.598955042	160.28107538	177.699340435
-67.3637854998	-25.9637889621	171.825964797
-61.9875260507	-49.3683538598	177.078919858
-60.3324617058	-42.6071352442	177.881249682
-59.6626299792	-48.4262724742	177.436878429
-55.9217649447	-47.8193654963	179.983735946
-60.9023330316	-42.2634247715	177.004149156
-61.3948691713	-40.7962650415	177.359241507
-63.373956149	-41.8162516214	177.647706276
-63.2418601742	-38.9117306099	173.866728752
-59.2174690404	-49.5335216519	179.335553324
-61.3542570764	-43.9907415835	177.793743286
-52.7101477926	-49.5768111015	-178.210054863
-57.6573255062	-48.7454889148	-176.313545496
-68.4073020527	-47.6123975662	-178.020774757
-67.0418832276	-41.3273630903	178.455708652
-58.6208898638	-47.3547303662	178.705332068
-62.6367626024	-38.6946023028	174.225724765
-62.6608977601	-40.1500231476	176.878871233
-64.3839334243	-40.7530366635	-178.822018947
-67.9361728489	-34.6867599867	179.933870876
-80.8081049646	-60.0236651111	-179.061288314
138.199668702	22.6287895519	-178.047447681
-91.3378824731	159.025826848	-175.088497757
-58.0647384977	124.69138764	-172.921524063
-70.2273982484	-41.6515412054	-177.166009475
-70.0992603323	-32.3888108484	177.113585522
-71.0928932624	-41.269136304	177.888737788
-59.7647567828	-41.1089756652	176.908764315
-60.5618969405	-46.1623690567	178.956581951
-63.9443294044	-41.1247684853	-178.444074716
-64.8396097847	-40.7108703757	178.039456667
-64.5094814633	-40.7671013384	174.799758722
-63.4827874409	-41.2942807125	174.524060465
-59.7344138275	-44.7393035116	177.630914645
-57.5962497541	-45.9312586714	176.380270546
-56.7127880403	-48.3248586371	-178.733361912
-58.2588551792	-45.2165054765	-179.52675241
-64.7270413356	-40.7397505442	175.443133626
-63.3359013759	-46.4398681219	-178.667628225
-61.4501179891	-45.3527880716	178.306186393
-60.8612592955	-52.0972594933	-179.069692296
-59.8761164327	-40.3617221258	177.354069442
-61.442380525	-42.1211182238	178.748127111
-66.2485047042	-39.7211148156	178.8505463
-64.9888713358	-40.3846951632	177.207645294
-75.3264783822	-31.6857714225	-178.912525442
103.26179307	0.431533301322	-174.855210423
-91.61104801	66.7904191184	-176.218101148
-99.9108710492	97.0855643383	175.392163259
-153.598955042	160.28107538	177.699340435
-67.3637854998	-25.9637889621	171.825964797
-61.9875260507	-49.3683538598	177.078919858
-60.3324617058	-42.6071352442	177.881249682
-59.6626299792	-48.4262724742	177.436878429
-55.9217649447	-47.8193654963	179.983735946
-60.9023330316	-42.2634247715	177.004149156
-61.3948691713	-40.7962650415	177.359241507
-63.373956149	-41.8162516214	177.647706276
-63.2418601742	-38.9117306099	173.866728752
-59.2174690404	-49.5335216519	179.335553324
-61.3542570764	-43.9907415835	177.793743286
-52.7101477926	-49.5768111015	-178.210054863
-57.6573255062	-48.7454889148	-176.313545496
-68.4073020527	-47.6123975662	-178.020774757
-67.0418832276	-41.3273630903	178.455708652
-58.6208898638	-47.3547303662	178.705332068
-62.6367626024	-38.6946023028	174.225724765
-62.6608977601	-40.1500231476	176.878871233
-64.3839334243	-40.7530366635	-178.822018947
-67.9361728489	-34.6867599867	179.933870876
-80.8081049646	-60.0236651111	-179.061288314
138.199668702	22.6287895519	-178.047447681
-91.3378824731	159.025826848	-175.088497757
-58.0647384977	124.69138764	-172.921524063
-70.2273982484	-41.6515412054	-177.166009475
-70.0992603323	-32.3888108484	177.113585522
-71.0928932624	-41.269136304	177.888737788
-59.7647567828	-41.1089756652	176.908764315
-60.5618969405	-46.1623690567	178.956581951
-63.9443294044	-41.1247684853	-178.444074716
-64.8396097847	-40.7108703757	178.039456667
-64.5094814633	-40.7671013384	174.799758722
-63.4827874409	-41.2942807125	174.524060465
-59.7344138275	-44.7393035116	177.630914645
-57.5962497541	-45.9312586714	176.380270546
-56.7127880403	-48.3248586371	-178.733361912
-58.2588551792	-45.2165054765	-179.52675241
-64.7270413356	-40.7397505442	175.443133626
-63.3359013759	-46.4398681219	-178.667628225
-61.4501179891	-45.3527880716	178.306186393
-60.8612592955	-52.0972594933	-179.069692296
-59.8761164327	-40.3617221258	177.354069442
-61.442380525	-42.1211182238	178.748127111
-66.2485047042	-39.7211148156	178.8505463
-64.9888713358	-40.3846951632	177.207645294
-75.3264783822	-31.6857714225	-178.912525442
103.26179307	0.431533301322	-174.855210423
-91.61104801	66.7904191184	-176.218101148
-99.9108710492	97.0855643383	175.392163259
-153.598955042	160.28107538	177.699340435
-67.3637854998	-25.9637889621	171.825964797
-61.9875260507	-49.3683538598	177.078919858
-60.3324617058	-42.6071352442	177.881249682
-59.6626299792	-48.4262724742	177.436878429
-55.9217649447	-47.8193654963	179.983735946
-60.9023330316	-42.2634247715	177.004149156
-61.3948691713	-40.7962650415	177.359241507
-63.373956149	-41.8162516214	177.647706276
-63.2418601742	-38.9117306099	173.866728752
-59.2174690404	-49.5335216519	179.335553324
-61.3542570764	-43.9907415835	177.793743286
-52.7101477926	-49.5768111015	-178.210054863
-57.6573255062	-48.7454889148	-176.313545496
-68.4073020527	-47.6123975662	-178.020774757
-67.0418832276	-41.3273630903	178.455708652
-58.6208898638	-47.3547303662	178.705332068
-62.6367626024	-38.6946023028	174.225724765
-62.6608977601	-40.1500231476	176.878871233
-64.3839334243	-40.7530366635	-178.822018947
-67.9361728489	-34.6867599867	179.933870876
-80.8081049646	-60.0236651111	-179.061288314
138.199668702	22.6287895519	-178.047447681
-91.3378824731	159.025826848	-175.088497757
-58.0647384977	124.69138764	-172.921524063
-70.2273982484	-41.6515412054	-177.166009475
-70.0992603323	-32.3888108484	177.113585522
-71.0928932624	-41.269136304	177.888737788
-59.7647567828	-41.1089756652	176.908764315
-60.5618969405	-46.1623690567	178.956581951
-63.9443294044	-41.1247684853	-178.444074716
-64.8396097847	-40.7108703757	178.039456667
-64.5094814633	-40.7671013384	174.799758722
-63.4827874409	-41.2942807125	174.524060465
-59.7344138275	-44.7393035116	177.630914645
-57.5962497541	-45.9312586714	176.380270546
-56.7127880403	-48.3248586371	-178.733361912
-58.2588551792	-45.2165054765	-179.52675241
-64.7270413356	-40.7397505442	175.443133626
-63.3359013759	-46.4398681219	-178.667628225
-61.4501179891	-45.3527880716	178.306186393
-60.8612592955	-52.0972594933	-179.069692296
-59.8761164327	-40.3617221258	177.354069442
-61.442380525	-42.1211182238	178.748127111
-66.2485047042	-39.7211148156	178.8505463
-64.9888713358	-40.3846951632	177.207645294
-75.3264783822	-31.6857714225	-178.912525442
103.26179307	0.431533301322	-174.855210423
-91.61104801	66.7904191184	-176.218101148
-99.9108710492	97.0855643383	175.392163259
-153.598955042	160.28107538	177.699340435
-67.3637854998	-25.9637889621	171.825964797
-61.9875260507	-49.3683538598	177.078919858
-60.3324617058	-42.6071352442	177.881249682
-59.6626299792	-48.4262724742	177.436878429
-55.9217649447	-47.8193654963	179.983735946
-60.9023330316	-42.2634247715	177.004149156
-61.3948691713	-40.7962650415	177.359241507
-63.373956149	-41.8162516214	177.647706276
-63.2418601742	-38.9117306099	173.866728752
-59.2174690404	-49.5335216519	179.335553324
-61.3542570764	-43.9907415835	177.793743286
-52.7101477926	-49.5768111015	-178.210054863
-57.6573255062	-48.7454889148	-176.313545496
-68.4073020527	-47.6123975662	-178.020774757
-67.0418832276	-41.3273630903	178.455708652
-58.6208898638	-47.3547303662	178.705332068
-62.6367626024	-38.6946023028	174.225724765
-62.6608977601	-40.1500231476	176.878871233
-64.3839334243	-40.7530366635	-178.822018947
-67.9361728489	-34.6867599867	179.933870876
-80.8081049646	-60.0236651111	-179.061288314
138.199668702	22.6287895519	-178.047447681
-91.3378824731	159.025826848	-175.088497757
-58.0647384977	124.69138764	-172.921524063
-70.2273982484	-41.6515412054	-177.166009475
-70.0992603323	-32.3888108484	177.113585522
-71.0928932624	-41.269136304	177.888737788
-59.7647567828	-41.1089756652	176.908764315
-60.5618969405	-46.1623690567	178.956581951
-63.9443294044	-41.1247684853	-178.444074716
-64.8396097847	-40.7108703757	178.039456667
-64.5094814633	-40.7671013384	174.799758722
-63.4827874409	-41.2942807125	174.524060465
-59.7344138275	-44.7393035116	177.630914645
-57.5962497541	-45.9312586714	176.380270546
-56.7127880403	-48.3248586371	-178.733361912
-58.2588551792	-45.2165054765	-179.52675241
-64.7270413356	-40.7397505442	175.443133626
-63.3359013759	-46.4398681219	-178.667628225
-61.4501179891	-45.3527880716	178.306186393
-60.8612592955	-52.0972594933	-179.069692296
-59.8761164327	-40.3617221258	177.354069442
-61.442380525	-42.1211182238	178.748127111
-66.2485047042	-39.7211148156	178.8505463
-64.9888713358	-40.3846951632	177.207645294
-75.3264783822	-31.6857714225	-178.912525442
103.26179307	0.431533301322	-174.855210423
-91.61104801	66.7904191184	-176.218101148
-99.9108710492	97.0855643383	175.392163259
-153.598955042	160.28107538	177.699340435
-67.3637854998	-25.9637889621	171.825964797
-61.9875260507	-49.3683538598	177.078919858
-60.3324617058	-42.6071352442	177.881249682
-59.6626299792	-48.4262724742	177.436878429
-55.9217649447	-47.8193654963	179.983735946
-60.9023330316	-42.2634247715	177.004149156
-61.3948691713	-40.7962650415	177.359241507
-63.373956149	-41.8162516214	177.647706276
-63.2418601742	-38.9117306099	173.866728752
-59.2174690404	-49.5335216519	179.335553324
-61.3542570764	-43.9907415835	177.793743286
-52.7101477926	-49.5768111015	-178.210054863
-57.6573255062	-48.7454889148	-176.313545496
-68.4073020527	-47.6123975662	-178.020774757
-67.0418832276	-41.3273630903	178.455708652
-58.6208898638	-47.3547303662	178.705332068
-62.6367626024	-38.6946023028	174.225724765
-62.6608977601	-40.1500231476	176.878871233
-64.3839334243	-40.7530366635	-178.822018947
-67.9361728489	-34.6867599867	179.933870876
-80.8081049646	-60.0236651111	-179.061288314
138.199668702	22.6287895519	-178.047447681
-91.3378824731	159.025826848	-175.088497757
-58.0647384977	124.69138764	-172.921524063
-70.2273982484	-41.6515412054	-177.166009475
-70.0992603323	-32.3888108484	177.113585522
-71.0928932624	-41.269136304	177.888737788
-59.7647567828	-41.1089756652	176.908764315
-60.5618969405	-46.1623690567	178.956581951
-63.9443294044	-41.1247684853	-178.444074716
-64.8396097847	-40.7108703757	178.039456667
-64.5094814633	-40.7671013384	174.799758722
-63.4827874409	-41.2942807125	174.524060465
-59.7344138275	-44.7393035116	177.630914645
-57.5962497541	-45.9312586714	176.380270546
-56.7127880403	-48.3248586371	-178.733361912
-58.2588551792	-45.2165054765	-179.52675241
-64.7270413356	-40.7397505442	175.443133626
-63.3359013759	-46.4398681219	-178.667628225
-61.4501179891	-45.3527880716	178.306186393
-60.8612592955	-52.0972594933	-179.069692296
-59.8761164327	-40.3617221258	177.354069442
-61.442380525	-42.1211182238	178.748127111
-66.2485047042	-39.7211148156	178.8505463
-64.9888713358	-40.3846951632	177.207645294
-75.3264783822	-31.6857714225	-178.912525442
103.26179307	0.431533301322	-174.855210423
-91.61104801	66.7904191184	-176.218101148
-99.9108710492	97.0855643383	175.392163259
-153.598955042	160.28107538	177.699340435
-67.3637854998	-25.9637889621	171.825964797
-61.9875260507	-49.3683538598	177.078919858
-60.3324617058	-42.6071352442	177.881249682
-59.6626299792	-48.4262724742	177.436878429
-55.9217649447	-47.8193654963	179.983735946
-60.9023330316	-42.2634247715	177.004149156
-61.3948691713	-40.7962650415	177.359241507
-63.373956149	-41.8162516214	177.647706276
-63.2418601742	-38.9117306099	173.866728752
-59.2174690404	-49.5335216519	179.335553324
-61.3542570764	-43.9907415835	177.793743286
-52.7101477926	-49.5768111015	-178.210054863
-57.6573255062	-48.7454889148	-176.313545496
-68.4073020527	-47.6123975662	-178.020774757
-67.0418832276	-41.3273630903	178.455708652
-58.6208898638	-47.3547303662	178.705332068
-62.6367626024	-38.6946023028	174.225724765
-62.6608977601	-40.1500231476	176.878871233
-64.3839334243	-40.7530366635	-178.822018947
-67.9361728489	-34.6867599867	179.933870876
-80.8081049646	-60.0236651111	-179.061288314
138.199668702	22.6287895519	-178.047447681
-91.3378824731	159.025826848	-175.088497757
-58.0647384977	124.69138764	-172.921524063
-70.2273982484	-41.6515412054	-177.166009475
-70.0992603323	-32.3888108484	177.113585522
-71.0928932624	-41.269136304	177.888737788
-59.7647567828	-41.1089756652	176.908764315
-60.5618969405	-46.1623690567	178.956581951
-63.9443294044	-41.1247684853	-178.444074716
-64.8396097847	-40.7108703757	178.039456667
-64.5094814633	-40.7671013384	174.799758722
-63.4827874409	-41.2942807125	174.524060465
-59.7344138275	-44.7393035116	177.630914645
-57.5962497541	-45.9312586714	176.380270546
-56.7127880403	-48.3248586371	-178.733361912
-58.2588551792	-45.2165054765	-179.52675241
-64.7270413356	-40.7397505442	175.443133626
-63.3359013759	-46.4398681219	-178.667628225
-61.4501179891	-45.3527880716	178.306186393
-60.8612592955	-52.0972594933	-179.069692296
-59.8761164327	-40.3617221258	177.354069442
-61.442380525	-42.1211182238	178.748127111
-66.2485047042	-39.7211148156	178.8505463
-64.9888713358	-40.3846951632	177.207645294
-75.3264783822	-31.6857714225	-178.912525442
103.26179307	0.431533301322	-174.855210423
-91.61104801	66.7904191184	-176.218101148
-99.9108710492	97.0855643383	175.392163259
-153.598955042	160.28107538	177.699340435
-67.3637854998	-25.9637889621	171.825964797
-61.9875260507	-49.3683538598	177.078919858
-60.3324617058	-42.6071352442	177.881249682
-59.6626299792	-48.4262724742	177.436878429
-55.9217649447	-47.8193654963	179.983735946
-60.9023330316	-42.2634247715	177.004149156
-61.3948691713	-40.7962650415	177.359241507
-63.373956149	-41.8162516214	177.647706276
-63.2418601742	-38.9117306099	173.866728752
-59.2174690404	-49.5335216519	179.335553324
-61.3542570764	-43.9907415835	177.793743286
-52.7101477926	-49.5768111015	-178.210054863
-57.6573255062	-48.7454889148	-176.313545496
-68.4073020527	-47.6123975662	-178.020774757
-67.0418832276	-41.3273630903	178.455708652
-58.6208898638	-47.3547303662	178.705332068
-62.6367626024	-38.6946023028	174.225724765
-62.6608977601	-40.1500231476	176.878871233
-64.3839334243	-40.7530366635	-178.822018947
-67.9361728489	-34.6867599867	179.933870876
-80.8081049646	-60.0236651111	-179.061288314
138.199668702	22.6287895519	-178.047447681
-91.3378824731	159.025826848	-175.088497757
-58.0647384977	124.69138764	-172.921524063
-70.2273982484	-41.6515412054	-177.166009475
-70.0992603323	-32.3888108484	177.113585522
-71.0928932624	-41.269136304	177.888737788
-59.7647567828	-41.1089756652	176.908764315
-60.5618969405	-46.1623690567	178.956581951
-63.9443294044	-41.1247684853	-178.444074716
-64.8396097847	-40.7108703757	178.039456667
-64.5094814633	-40.7671013384	174.799758722
-63.4827874409	-41.2942807125	174.524060465
-59.7344138275	-44.7393035116	177.630914645
-57.5962497541	-45.9312586714	176.380270546
-56.7127880403	-48.3248586371	-178.733361912
-58.2588551792	-45.2165054765	-179.52675241
-64.7270413356	-40.7397505442	175.443133626
-63.3359013759	-46.4398681219	-178.667628225
-61.4501179891	-45.3527880716	178.306186393
-60.8612592955	-52.0972594933	-179.069692296
-59.8761164327	-40.3617221258	177.354069442
-61.442380525	-42.1211182238	178.748127111
-66.2485047042	-39.7211148156	178.8505463
-64.9888713358	-40.3846951632	177.207645294
-75.3264783822	-31.6857714225	-178.912525442
103.26179307	0.431533301322	-174.855210423
-91.61104801	66.7904191184	-176.218101148
-99.9108710492	97.0855643383	175.392163259
-153.598955042	160.28107538	177.699340435
-67.3637854998	-25.9637889621	171.825964797
-61.9875260507	-49.3683538598	177.078919858
-60.3324617058	-42.6071352442	177.881249682
-59.6626299792	-48.4262724742	177.436878429
-55.9217649447	-47.8193654963	179.983735946
-60.9023330316	-42.2634247715	177.004149156
-61.3948691713	-40.7962650415	177.359241507
-63.373956149	-41.8162516214	177.647706276
-63.2418601742	-38.9117306099	173.866728752
-59.2174690404	-49.5335216519	179.335553324
-61.3542570764	-43.9907415835	177.793743286
-52.7101477926	-49.5768111015	-178.210054863
-57.6573255062	-48.7454889148	-176.313545496
-68.4073020527	-47.6123975662	-178.020774757
-67.0418832276	-41.3273630903	178.455708652
-58.6208898638	-47.3547303662	178.705332068
-62.6367626024	-38.6946023028	174.225724765
-62.6608977601	-40.1500231476	176.878871233
-64.3839334243	-40.7530366635	-178.822018947
-67.9361728489	-34.6867599867	179.933870876
-80.8081049646	-60.0236651111	-179.061288314
138.199668702	22.6287895519	-178.047447681
-91.3378824731	159.025826848	-175.088497757
-58.0647384977	124.69138764	-172.921524063
-70.2273982484	-41.6515412054	-177.166009475
-70.0992603323	-32.3888108484	177.113585522
-71.0928932624	-41.269136304	177.888737788
-59.7647567828	-41.1089756652	176.908764315
-60.5618969405	-46.1623690567	178.956581951
-63.9443294044	-41.1247684853	-178.444074716
-64.8396097847	-40.7108703757	178.039456667
-64.5094814633	-40.7671013384	174.799758722
-63.4827874409	-41.2942807125	174.524060465
-59.7344138275	-44.7393035116	177.630914645
-57.5962497541	-45.9312586714	176.380270546
-56.7127880403	-48.3248586371	-178.733361912
-58.2588551792	-45.2165054765	-179.52675241
-64.7270413356	-40.7397505442	175.443133626
-63.3359013759	-46.4398681219	-178.667628225
-61.4501179891	-45.3527880716	178.306186393
-60.8612592955	-52.0972594933	-179.069692296
-59.8761164327	-40.3617221258	177.354069442
-61.442380525	-42.1211182238	178.748127111
-66.2485047042	-39.7211148156	178.8505463
-64.9888713358	-40.3846951632	177.207645294
-75.3264783822	-31.6857714225	-178.912525442
103.26179307	0.431533301322	-174.855210423
-91.61104801	66.7904191184	-176.218101148
-99.9108710492	97.0855643383	175.392163259
-153.598955042	160.28107538	177.699340435
-67.3637854998	-25.9637889621	171.825964797
-61.9875260507	-49.3683538598	177.078919858
-60.3324617058	-42.6071352442	177.881249682
-59.6626299792	-48.4262724742	177.436878429
-55.9217649447	-47.8193654963	179.983735946
-60.9023330316	-42.2634247715	177.004149156
-61.3948691713	-40.7962650415	177.359241507
-63.373956149	-41.8162516214	177.647706276
-63.2418601742	-38.9117306099	173.866728752
-59.2174690404	-49.5335216519	179.335553324
-61.3542570764	-43.9907415835	177.793743286
-52.7101477926	-49.5768111015	-178.210054863
-57.6573255062	-48.7454889148	-176.313545496
-68.4073020527	-47.6123975662	-178.020774757
-67.0418832276	-41.3273630903	178.455708652
-58.6208898638	-47.3547303662	178.705332068
-62.6367626024	-38.6946023028	174.225724765
-62.6608977601	-40.1500231476	176.878871233
-64.3839334243	-40.7530366635	-178.822018947
-67.9361728489	-34.6867599867	179.933870876
-80.8081049646	-60.0236651111	-179.061288314
138.199668702	22.6287895519	-178.047447681
-91.3378824731	159.025826848	-175.088497757
-58.0647384977	124.69138764	-172.921524063
-70.2273982484	-41.6515412054	-177.166009475
-70.0992603323	-32.3888108484	177.113585522
-71.0928932624	-41.269136304	177.888737788
-59.7647567828	-41.1089756652	176.908764315
-60.5618969405	-46.1623690567	178.956581951
-63.9443294044	-41.1247684853	-178.444074716
-64.8396097847	-40.7108703757	178.039456667
-64.5094814633	-40.7671013384	174.799758722
-63.4827874409	-41.2942807125	174.524060465
-59.7344138275	-44.7393035116	177.630914645
-57.5962497541	-45.9312586714	176.380270546
-56.7127880403	-48.3248586371	-178.733361912
-58.2588551792	-45.2165054765	-179.52675241
-64.7270413356	-40.7397505442	175.443133626
-63.3359013759	-46.4398681219	-178.667628225
-61.4501179891	-45.3527880716	178.306186393
-60.8612592955	-52.0972594933	-179.069692296
-59.8761164327	-40.3617221258	177.354069442
-61.442380525	-42.1211182238	178.748127111
-66.2485047042	-39.7211148156	178.8505463
-64.9888713358	-40.3846951632	177.207645294
-75.3264783822	-31.6857714225	-178.912525442
103.26179307	0.431533301322	-174.855210423
-91.61104801	66.7904191184	-176.218101148
-99.9108710492	97.0855643383	175.392163259
-153.598955042	160.28107538	177.699340435
-67.3637854998	-25.9637889621	171.825964797
-61.9875260507	-49.3683538598	177.078919858
-60.3324617058	-42.6071352442	177.881249682
-59.6626299792	-48.4262724742	177.436878429
-55.9217649447	-47.8193654963	179.983735946
-60.9023330316	-42.2634247715	177.004149156
-61.3948691713	-40.7962650415	177.359241507
-63.373956149	-41.8162516214	177.647706276
-63.2418601742	-38.9117306099	173.866728752
-59.2174690404	-49.5335216519	179.335553324
-61.3542570764	-43.9907415835	177.793743286
-52.7101477926	-49.5768111015	-178.210054863
-57.6573255062	-48.7454889148	-176.313545496
-68.4073020527	-47.6123975662	-178.020774757
-67.0418832276	-41.3273630903	178.455708652
-58.6208898638	-47.3547303662	178.705332068
-62.6367626024	-38.6946023028	174.225724765
-62.6608977601	-40.1500231476	176.878871233
-64.3839334243	-40.7530366635	-178.822018947
-67.9361728489	-34.6867599867	179.933870876
-80.8081049646	-60.0236651111	-179.061288314
138.199668702	22.6287895519	-178.047447681
-91.3378824731	159.025826848	-175.088497757
-58.0647384977	124.69138764	-172.921524063
-70.2273982484	-41.6515412054	-177.166009475
-70.0992603323	-32.3888108484	177.113585522
-71.0928932624	-41.269136304	177.888737788
-59.7647567828	-41.1089756652	176.908764315
-60.5618969405	-46.1623690567	178.956581951
-63.9443294044	-41.1247684853	-178.444074716
-64.8396097847	-40.7108703757	178.039456667
-64.5094814633	-40.7671013384	174.799758722
-63.4827874409	-41.2942807125	174.524060465
-59.7344138275	-44.7393035116	177.630914645
-57.5962497541	-45.9312586714	176.380270546
-56.7127880403	-48.3248586371	-178.733361912
-58.2588551792	-45.2165054765	-179.52675241
-64.7270413356	-40.7397505442	175.443133626
-63.3359013759	-46.4398681219	-178.667628225
-61.4501179891	-45.3527880716	178.306186393
-60.8612592955	-52.0972594933	-179.069692296
-59.8761164327	-40.3617221258	177.354069442
-61.442380525	-42.1211182238	178.748127111
-66.2485047042	-39.7211148156	178.8505463
-64.9888713358	-40.3846951632	177.207645294
-75.3264783822	-31.6857714225	-178.912525442
103.26179307	0.431533301322	-174.855210423
-91.61104801	66.7904191184	-176.218101148
-99.9108710492	97.0855643383	175.392163259
-153.598955042	160.28107538	177.699340435
-67.3637854998	-25.9637889621	171.825964797
-61.9875260507	-49.3683538598	177.078919858
-60.3324617058	-42.6071352442	177.881249682
-59.6626299792	-48.4262724742	177.436878429
-55.9217649447	-47.8193654963	179.983735946
-60.9023330316	-42.2634247715	177.004149156
-61.3948691713	-40.7962650415	177.359241507
-63.373956149	-41.8162516214	177.647706276
-63.2418601742	-38.9117306099	173.866728752
-59.2174690404	-49.5335216519	179.335553324
-61.3542570764	-43.9907415835	177.793743286
-52.7101477926	-49.5768111015	-178.210054863
-57.6573255062	-48.7454889148	-176.313545496
-68.4073020527	-47.6123975662	-178.020774757
-67.0418832276	-41.3273630903	178.455708652
-58.6208898638	-47.3547303662	178.705332068
-62.6367626024	-38.6946023028	174.225724765
-62.6608977601	-40.1500231476	176.878871233
-64.3839334243	-40.7530366635	-178.822018947
-67.9361728489	-34.6867599867	179.933870876
-80.8081049646	-60.0236651111	-179.061288314
138.199668702	22.6287895519	-178.047447681
-91.3378824731	159.025826848	-175.088497757
-58.0647384977	124.69138764	-172.921524063
-70.2273982484	-41.6515412054	-177.166009475
-70.0992603323	-32.3888108484	177.113585522
-71.0928932624	-41.269136304	177.888737788
-59.7647567828	-41.1089756652	176.908764315
-60.5618969405	-46.1623690567	178.956581951
-63.9443294044	-41.1247684853	-178.444074716
-64.8396097847	-40.7108703757	178.039456667
-64.5094814633	-40.7671013384	174.799758722
-63.4827874409	-41.2942807125	174.524060465
-59.7344138275	-44.7393035116	177.630914645
-57.5962497541	-45.9312586714	176.380270546
-56.7127880403	-48.3248586371	-178.733361912
-58.2588551792	-45.2165054765	-179.52675241
-64.7270413356	-40.7397505442	175.443133626
-63.3359013759	-46.4398681219	-178.667628225
-61.4501179891	-45.3527880716	178.306186393
-60.8612592955	-52.0972594933	-179.069692296
-59.8761164327	-40.3617221258	177.354069442
-61.442380525	-42.1211182238	178.748127111
-66.2485047042	-39.7211148156	178.8505463
-64.9888713358	-40.3846951632	177.207645294
-75.3264783822	-31.6857714225	-178.912525442
103.26179307	0.431533301322	-174.855210423
-91.61104801	66.7904191184	-176.218101148
-99.9108710492	97.0855643383	175.392163259
-153.598955042	160.28107538	177.699340435
-67.3637854998	-25.9637889621	171.825964797
-61.9875260507	-49.3683538598	177.078919858
-60.3324617058	-42.6071352442	177.881249682
-59.6626299792	-48.4262724742	177.436878429
-55.9217649447	-47.8193654963	179.983735946
-60.9023330316	-42.2634247715	177.004149156
-61.3948691713	-40.7962650415	177.359241507
-63.373956149	-41.8162516214	177.647706276
-63.2418601742	-38.9117306099	173.866728752
-59.2174690404	-49.5335216519	179.335553324
-61.3542570764	-43.9907415835	177.793743286
-52.7101477926	-49.5768111015	-178.210054863
-57.6573255062	-48.7454889148	-176.313545496
-68.4073020527	-47.6123975662	-178.020774757
-67.0418832276	-41.3273630903	178.455708652
-58.6208898638	-47.3547303662	178.705332068
-62.6367626024	-38.6946023028	174.225724765
-62.6608977601	-40.1500231476	176.878871233
-64.3839334243	-40.7530366635	-178.822018947
-67.9361728489	-34.6867599867	179.933870876
-80.8081049646	-60.0236651111	-179.061288314
138.199668702	22.6287895519	-178.047447681
-91.3378824731	159.025826848	-175.088497757
-58.0647384977	124.69138764	-172.921524063
-70.2273982484	-41.6515412054	-177.166009475
-70.0992603323	-32.3888108484	177.113585522
-71.0928932624	-41.269136304	177.888737788
-59.7647567828	-41.1089756652	176.908764315
-60.5618969405	-46.1623690567	178.956581951
-63.9443294044	-41.1247684853	-178.444074716
-64.8396097847	-40.7108703757	178.039456667
-64.5094814633	-40.7671013384	174.799758722
-63.4827874409	-41.2942807125	174.524060465
-59.7344138275	-44.7393035116	177.630914645
-57.5962497541	-45.9312586714	176.380270546
-56.7127880403	-48.3248586371	-178.733361912
-58.2588551792	-45.2165054765	-179.52675241
-64.7270413356	-40.7397505442	175.443133626
-63.3359013759	-46.4398681219	-178.667628225
-61.4501179891	-45.3527880716	178.306186393
-60.8612592955	-52.0972594933	-179.069692296
-59.8761164327	-40.3617221258	177.354069442
-61.442380525	-42.1211182238	178.748127111
-66.2485047042	-39.7211148156	178.8505463
-64.9888713358	-40.3846951632	177.207645294
-75.3264783822	-31.6857714225	-178.912525442
103.26179307	0.431533301322	-174.855210423
-91.61104801	66.7904191184	-176.218101148
-99.9108710492	97.0855643383	175.392163259